{"cameraMode":{"drawMode":0,"name":"Shaded","section":"Shading Mode"},"sceneLighting":true,"audioPlay":false,"sceneViewState":{"showFog":true,"showMaterialUpdate":false,"showSkybox":true,"showFlares":true,"showImageEffects":true,"showParticleSystems":true},"in2DMode":false,"pivot":{"x":-1.754741907119751,"y":0.4728879928588867,"z":2320.606689453125},"rotation":{"x":0.023997759446501733,"y":0.0009101249743252993,"z":-0.000021431227651191875,"w":0.9997116923332214},"size":65.466064453125,"orthographic":true}