{"cameraMode":{"drawMode":0,"name":"Shaded","section":"Shading Mode"},"sceneLighting":false,"audioPlay":false,"sceneViewState":{"showFog":true,"showMaterialUpdate":false,"showSkybox":false,"showFlares":true,"showImageEffects":true,"showParticleSystems":true},"in2DMode":false,"pivot":{"x":0.04231572151184082,"y":-2.2920522689819338,"z":9.591778755187989},"rotation":{"x":0.2909200191497803,"y":0.10392622649669647,"z":-0.03180673345923424,"w":0.9505541920661926},"size":13.781579971313477,"orthographic":false}