{"cameraMode":{"drawMode":0,"name":"Shaded","section":"Shading Mode"},"sceneLighting":true,"audioPlay":false,"sceneViewState":{"showFog":true,"showMaterialUpdate":false,"showSkybox":true,"showFlares":true,"showImageEffects":true,"showParticleSystems":true},"in2DMode":false,"pivot":{"x":11.724529266357422,"y":3.5038890838623049,"z":20.50878143310547},"rotation":{"x":-0.0011469898745417595,"y":0.9872177839279175,"z":-0.15921436250209809,"w":-0.007111865561455488},"size":59.71344757080078,"orthographic":false}