{"cameraMode":{"drawMode":0,"name":"Shaded","section":"Shading Mode"},"sceneLighting":false,"audioPlay":false,"sceneViewState":{"showFog":true,"showMaterialUpdate":false,"showSkybox":false,"showFlares":true,"showImageEffects":true,"showParticleSystems":true},"in2DMode":false,"pivot":{"x":-0.6054350137710571,"y":0.13668698072433473,"z":-0.01128244400024414},"rotation":{"x":0.136644646525383,"y":0.4544444680213928,"z":-0.07077579200267792,"w":0.8773820996284485},"size":2.3794631958007814,"orthographic":false}