{"cameraMode":{"drawMode":0,"name":"Shaded","section":"Shading Mode"},"sceneLighting":false,"audioPlay":false,"sceneViewState":{"showFog":true,"showMaterialUpdate":false,"showSkybox":false,"showFlares":true,"showImageEffects":true,"showParticleSystems":true},"in2DMode":false,"pivot":{"x":10.000000953674317,"y":3.393768072128296,"z":0.0},"rotation":{"x":0.09435837715864182,"y":-0.003573374357074499,"z":0.00033819786040112376,"w":0.9955318570137024},"size":25.7651309967041,"orthographic":true}