{"cameraMode":{"drawMode":0,"name":"Shaded","section":"Shading Mode"},"sceneLighting":false,"audioPlay":false,"sceneViewState":{"showFog":true,"showMaterialUpdate":false,"showSkybox":false,"showFlares":true,"showImageEffects":true,"showParticleSystems":true},"in2DMode":false,"pivot":{"x":20.483692169189454,"y":2.365328788757324,"z":0.8684552311897278},"rotation":{"x":0.17899353802204133,"y":-0.019763663411140443,"z":0.0035986306611448528,"w":0.9836451411247253},"size":33.823341369628909,"orthographic":true}