{"cameraMode":{"drawMode":0,"name":"Shaded","section":"Shading Mode"},"sceneLighting":false,"audioPlay":false,"sceneViewState":{"showFog":true,"showMaterialUpdate":false,"showSkybox":false,"showFlares":true,"showImageEffects":true,"showParticleSystems":true},"in2DMode":false,"pivot":{"x":3.2144687175750734,"y":2.1884965896606447,"z":15.928994178771973},"rotation":{"x":-0.03380307927727699,"y":-0.8814807534217835,"z":0.06385195255279541,"w":-0.4666604995727539},"size":6.694986820220947,"orthographic":false}