{"cameraMode":{"drawMode":0,"name":"Shaded","section":"Shading Mode"},"sceneLighting":true,"audioPlay":false,"sceneViewState":{"showFog":true,"showMaterialUpdate":false,"showSkybox":true,"showFlares":true,"showImageEffects":true,"showParticleSystems":true},"in2DMode":false,"pivot":{"x":-2.707317352294922,"y":4.62548828125,"z":-11.359375},"rotation":{"x":0.023997759446501733,"y":0.0009101249743252993,"z":-0.000021431227651191875,"w":0.9997116923332214},"size":11.92915153503418,"orthographic":true}