{"cameraMode":{"drawMode":0,"name":"Shaded","section":"Shading Mode"},"sceneLighting":false,"audioPlay":false,"sceneViewState":{"showFog":true,"showMaterialUpdate":false,"showSkybox":false,"showFlares":true,"showImageEffects":true,"showParticleSystems":true},"in2DMode":false,"pivot":{"x":1.6731433868408204,"y":-4.685420036315918,"z":13.763404846191407},"rotation":{"x":0.19504089653491975,"y":0.473317950963974,"z":-0.10833089053630829,"w":0.852169930934906},"size":35.811397552490237,"orthographic":false}