{"cameraMode":{"drawMode":0,"name":"Shaded","section":"Shading Mode"},"sceneLighting":false,"audioPlay":false,"sceneViewState":{"showFog":true,"showMaterialUpdate":false,"showSkybox":false,"showFlares":true,"showImageEffects":true,"showParticleSystems":true},"in2DMode":false,"pivot":{"x":-0.5000001192092896,"y":-2.9802322387695315e-8,"z":0.0},"rotation":{"x":-0.0011469898745417595,"y":0.9872177839279175,"z":-0.15921436250209809,"w":-0.007111865561455488},"size":6.600001811981201,"orthographic":false}