{"cameraMode":{"drawMode":0,"name":"Shaded","section":"Shading Mode"},"sceneLighting":false,"audioPlay":false,"sceneViewState":{"showFog":true,"showMaterialUpdate":false,"showSkybox":false,"showFlares":true,"showImageEffects":true,"showParticleSystems":true},"in2DMode":false,"pivot":{"x":12.344940185546875,"y":5.188118934631348,"z":1.2618579864501954},"rotation":{"x":-0.11225481331348419,"y":-0.010749273002147675,"z":0.0012136409059166909,"w":-0.9936205744743347},"size":42.3485107421875,"orthographic":true}